{"_format":"","paths":{"artifacts":"out","build_infos":"out/build-info","sources":"src","tests":"test","scripts":"script","libraries":["lib"]},"files":{"lib/forge-ctf/src/CTFDeployer.sol":{"lastModificationDate":1737715736000,"contentHash":"3c95c4ff524a137089415c205cfcef9c","sourceName":"lib/forge-ctf/src/CTFDeployer.sol","imports":["lib/forge-std/src/Base.sol","lib/forge-std/src/Script.sol","lib/forge-std/src/StdChains.sol","lib/forge-std/src/StdCheats.sol","lib/forge-std/src/StdJson.sol","lib/forge-std/src/StdMath.sol","lib/forge-std/src/StdStorage.sol","lib/forge-std/src/StdStyle.sol","lib/forge-std/src/StdUtils.sol","lib/forge-std/src/Vm.sol","lib/forge-std/src/console.sol","lib/forge-std/src/console2.sol","lib/forge-std/src/interfaces/IERC165.sol","lib/forge-std/src/interfaces/IERC20.sol","lib/forge-std/src/interfaces/IERC721.sol","lib/forge-std/src/interfaces/IMulticall3.sol","lib/forge-std/src/mocks/MockERC20.sol","lib/forge-std/src/mocks/MockERC721.sol","lib/forge-std/src/safeconsole.sol"],"versionRequirement":">=0.6.2, <0.9.0","artifacts":{"CTFDeployer":{"0.8.28":{"default":{"path":"CTFDeployer.sol/CTFDeployer.json","build_id":"aeef9a01ddc66af28bf5056e29c550d0"}}}},"seenByCompiler":true},"lib/forge-std/src/Base.sol":{"lastModificationDate":1737715736000,"contentHash":"ee13c050b1914464f1d3f90cde90204b","sourceName":"lib/forge-std/src/Base.sol","imports":["lib/forge-std/src/StdStorage.sol","lib/forge-std/src/Vm.sol"],"versionRequirement":">=0.6.2, <0.9.0","artifacts":{"CommonBase":{"0.8.28":{"default":{"path":"Base.sol/CommonBase.json","build_id":"aeef9a01ddc66af28bf5056e29c550d0"}}},"ScriptBase":{"0.8.28":{"default":{"path":"Base.sol/ScriptBase.json","build_id":"aeef9a01ddc66af28bf5056e29c550d0"}}},"TestBase":{"0.8.28":{"default":{"path":"Base.sol/TestBase.json","build_id":"aeef9a01ddc66af28bf5056e29c550d0"}}}},"seenByCompiler":true},"lib/forge-std/src/Script.sol":{"lastModificationDate":1737715736000,"contentHash":"ba325c778a7da8a21c2136aa32763c14","sourceName":"lib/forge-std/src/Script.sol","imports":["lib/forge-std/src/Base.sol","lib/forge-std/src/StdChains.sol","lib/forge-std/src/StdCheats.sol","lib/forge-std/src/StdJson.sol","lib/forge-std/src/StdMath.sol","lib/forge-std/src/StdStorage.sol","lib/forge-std/src/StdStyle.sol","lib/forge-std/src/StdUtils.sol","lib/forge-std/src/Vm.sol","lib/forge-std/src/console.sol","lib/forge-std/src/console2.sol","lib/forge-std/src/interfaces/IERC165.sol","lib/forge-std/src/interfaces/IERC20.sol","lib/forge-std/src/interfaces/IERC721.sol","lib/forge-std/src/interfaces/IMulticall3.sol","lib/forge-std/src/mocks/MockERC20.sol","lib/forge-std/src/mocks/MockERC721.sol","lib/forge-std/src/safeconsole.sol"],"versionRequirement":">=0.6.2, <0.9.0","artifacts":{"Script":{"0.8.28":{"default":{"path":"Script.sol/Script.json","build_id":"aeef9a01ddc66af28bf5056e29c550d0"}}}},"seenByCompiler":true},"lib/forge-std/src/StdAssertions.sol":{"lastModificationDate":1737715736000,"contentHash":"25b77f9806b64d497b8a46aeb8e5f6f0","sourceName":"lib/forge-std/src/StdAssertions.sol","imports":["lib/forge-std/src/Vm.sol"],"versionRequirement":">=0.6.2, <0.9.0","artifacts":{"StdAssertions":{"0.8.28":{"default":{"path":"StdAssertions.sol/StdAssertions.json","build_id":"aeef9a01ddc66af28bf5056e29c550d0"}}}},"seenByCompiler":true},"lib/forge-std/src/StdChains.sol":{"lastModificationDate":1737715736000,"contentHash":"b039727c96bb3d5b9a59448fd16b1e0f","sourceName":"lib/forge-std/src/StdChains.sol","imports":["lib/forge-std/src/Vm.sol"],"versionRequirement":">=0.6.2, <0.9.0","artifacts":{"StdChains":{"0.8.28":{"default":{"path":"StdChains.sol/StdChains.json","build_id":"aeef9a01ddc66af28bf5056e29c550d0"}}}},"seenByCompiler":true},"lib/forge-std/src/StdCheats.sol":{"lastModificationDate":1737715736000,"contentHash":"88408106c41697153142f6a6eeb06728","sourceName":"lib/forge-std/src/StdCheats.sol","imports":["lib/forge-std/src/StdStorage.sol","lib/forge-std/src/Vm.sol","lib/forge-std/src/console.sol","lib/forge-std/src/console2.sol"],"versionRequirement":">=0.6.2, <0.9.0","artifacts":{"StdCheats":{"0.8.28":{"default":{"path":"StdCheats.sol/StdCheats.json","build_id":"aeef9a01ddc66af28bf5056e29c550d0"}}},"StdCheatsSafe":{"0.8.28":{"default":{"path":"StdCheats.sol/StdCheatsSafe.json","build_id":"aeef9a01ddc66af28bf5056e29c550d0"}}}},"seenByCompiler":true},"lib/forge-std/src/StdError.sol":{"lastModificationDate":1737715736000,"contentHash":"64c896e1276a291776e5ea5aecb3870a","sourceName":"lib/forge-std/src/StdError.sol","imports":[],"versionRequirement":">=0.6.2, <0.9.0","artifacts":{"stdError":{"0.8.28":{"default":{"path":"StdError.sol/stdError.json","build_id":"aeef9a01ddc66af28bf5056e29c550d0"}}}},"seenByCompiler":true},"lib/forge-std/src/StdInvariant.sol":{"lastModificationDate":1737715736000,"contentHash":"f16837d0e7cb829544ae1f1319ea7643","sourceName":"lib/forge-std/src/StdInvariant.sol","imports":[],"versionRequirement":">=0.6.2, <0.9.0","artifacts":{"StdInvariant":{"0.8.28":{"default":{"path":"StdInvariant.sol/StdInvariant.json","build_id":"aeef9a01ddc66af28bf5056e29c550d0"}}}},"seenByCompiler":true},"lib/forge-std/src/StdJson.sol":{"lastModificationDate":1737715736000,"contentHash":"02209da5708eaee03e24a9c24a687370","sourceName":"lib/forge-std/src/StdJson.sol","imports":["lib/forge-std/src/Vm.sol"],"versionRequirement":">=0.6.0, <0.9.0","artifacts":{"stdJson":{"0.8.28":{"default":{"path":"StdJson.sol/stdJson.json","build_id":"aeef9a01ddc66af28bf5056e29c550d0"}}}},"seenByCompiler":true},"lib/forge-std/src/StdMath.sol":{"lastModificationDate":1737715736000,"contentHash":"9da8f453eba6bb98f3d75bc6822bfb29","sourceName":"lib/forge-std/src/StdMath.sol","imports":[],"versionRequirement":">=0.6.2, <0.9.0","artifacts":{"stdMath":{"0.8.28":{"default":{"path":"StdMath.sol/stdMath.json","build_id":"aeef9a01ddc66af28bf5056e29c550d0"}}}},"seenByCompiler":true},"lib/forge-std/src/StdStorage.sol":{"lastModificationDate":1737715736000,"contentHash":"ce68f6e336944f16d31351a47d0b19b8","sourceName":"lib/forge-std/src/StdStorage.sol","imports":["lib/forge-std/src/Vm.sol"],"versionRequirement":">=0.6.2, <0.9.0","artifacts":{"stdStorage":{"0.8.28":{"default":{"path":"StdStorage.sol/stdStorage.json","build_id":"aeef9a01ddc66af28bf5056e29c550d0"}}},"stdStorageSafe":{"0.8.28":{"default":{"path":"StdStorage.sol/stdStorageSafe.json","build_id":"aeef9a01ddc66af28bf5056e29c550d0"}}}},"seenByCompiler":true},"lib/forge-std/src/StdStyle.sol":{"lastModificationDate":1737715736000,"contentHash":"6281165a12aa639705c691fccefd855e","sourceName":"lib/forge-std/src/StdStyle.sol","imports":["lib/forge-std/src/Vm.sol"],"versionRequirement":">=0.4.22, <0.9.0","artifacts":{"StdStyle":{"0.8.28":{"default":{"path":"StdStyle.sol/StdStyle.json","build_id":"aeef9a01ddc66af28bf5056e29c550d0"}}}},"seenByCompiler":true},"lib/forge-std/src/StdToml.sol":{"lastModificationDate":1737715736000,"contentHash":"4bce85a4c60f2c073e651ee8140bcb4d","sourceName":"lib/forge-std/src/StdToml.sol","imports":["lib/forge-std/src/Vm.sol"],"versionRequirement":">=0.6.0, <0.9.0","artifacts":{"stdToml":{"0.8.28":{"default":{"path":"StdToml.sol/stdToml.json","build_id":"aeef9a01ddc66af28bf5056e29c550d0"}}}},"seenByCompiler":true},"lib/forge-std/src/StdUtils.sol":{"lastModificationDate":1737715736000,"contentHash":"b50717f17f251a2a96a5884c90add7bf","sourceName":"lib/forge-std/src/StdUtils.sol","imports":["lib/forge-std/src/Vm.sol","lib/forge-std/src/interfaces/IERC165.sol","lib/forge-std/src/interfaces/IERC20.sol","lib/forge-std/src/interfaces/IERC721.sol","lib/forge-std/src/interfaces/IMulticall3.sol","lib/forge-std/src/mocks/MockERC20.sol","lib/forge-std/src/mocks/MockERC721.sol"],"versionRequirement":">=0.6.2, <0.9.0","artifacts":{"StdUtils":{"0.8.28":{"default":{"path":"StdUtils.sol/StdUtils.json","build_id":"aeef9a01ddc66af28bf5056e29c550d0"}}}},"seenByCompiler":true},"lib/forge-std/src/Test.sol":{"lastModificationDate":1737715736000,"contentHash":"b6f15605355fc8c421fe42a90f94bf32","sourceName":"lib/forge-std/src/Test.sol","imports":["lib/forge-std/src/Base.sol","lib/forge-std/src/StdAssertions.sol","lib/forge-std/src/StdChains.sol","lib/forge-std/src/StdCheats.sol","lib/forge-std/src/StdError.sol","lib/forge-std/src/StdInvariant.sol","lib/forge-std/src/StdJson.sol","lib/forge-std/src/StdMath.sol","lib/forge-std/src/StdStorage.sol","lib/forge-std/src/StdStyle.sol","lib/forge-std/src/StdToml.sol","lib/forge-std/src/StdUtils.sol","lib/forge-std/src/Vm.sol","lib/forge-std/src/console.sol","lib/forge-std/src/console2.sol","lib/forge-std/src/interfaces/IERC165.sol","lib/forge-std/src/interfaces/IERC20.sol","lib/forge-std/src/interfaces/IERC721.sol","lib/forge-std/src/interfaces/IMulticall3.sol","lib/forge-std/src/mocks/MockERC20.sol","lib/forge-std/src/mocks/MockERC721.sol","lib/forge-std/src/safeconsole.sol"],"versionRequirement":">=0.6.2, <0.9.0","artifacts":{"Test":{"0.8.28":{"default":{"path":"Test.sol/Test.json","build_id":"aeef9a01ddc66af28bf5056e29c550d0"}}}},"seenByCompiler":true},"lib/forge-std/src/Vm.sol":{"lastModificationDate":1737715736000,"contentHash":"500473737c1f2c0908ce8ae528afc5e6","sourceName":"lib/forge-std/src/Vm.sol","imports":[],"versionRequirement":">=0.6.2, <0.9.0","artifacts":{"Vm":{"0.8.28":{"default":{"path":"Vm.sol/Vm.json","build_id":"aeef9a01ddc66af28bf5056e29c550d0"}}},"VmSafe":{"0.8.28":{"default":{"path":"Vm.sol/VmSafe.json","build_id":"aeef9a01ddc66af28bf5056e29c550d0"}}}},"seenByCompiler":true},"lib/forge-std/src/console.sol":{"lastModificationDate":1737715736000,"contentHash":"ce19a9e49945b42118379ff99d853c05","sourceName":"lib/forge-std/src/console.sol","imports":[],"versionRequirement":">=0.4.22, <0.9.0","artifacts":{"console":{"0.8.28":{"default":{"path":"console.sol/console.json","build_id":"aeef9a01ddc66af28bf5056e29c550d0"}}}},"seenByCompiler":true},"lib/forge-std/src/console2.sol":{"lastModificationDate":1737715736000,"contentHash":"f65ad21034b111e70fb5342d5771efcd","sourceName":"lib/forge-std/src/console2.sol","imports":["lib/forge-std/src/console.sol"],"versionRequirement":">=0.4.22, <0.9.0","artifacts":{},"seenByCompiler":true},"lib/forge-std/src/interfaces/IERC165.sol":{"lastModificationDate":1737715736000,"contentHash":"90fe5e2e3ed432d6f3b408e7c9e8a739","sourceName":"lib/forge-std/src/interfaces/IERC165.sol","imports":[],"versionRequirement":">=0.6.2","artifacts":{"IERC165":{"0.8.28":{"default":{"path":"IERC165.sol/IERC165.json","build_id":"aeef9a01ddc66af28bf5056e29c550d0"}}}},"seenByCompiler":true},"lib/forge-std/src/interfaces/IERC20.sol":{"lastModificationDate":1737715736000,"contentHash":"8099161d518e5862a76750349d58e801","sourceName":"lib/forge-std/src/interfaces/IERC20.sol","imports":[],"versionRequirement":">=0.6.2","artifacts":{"IERC20":{"0.8.28":{"default":{"path":"IERC20.sol/IERC20.json","build_id":"aeef9a01ddc66af28bf5056e29c550d0"}}}},"seenByCompiler":true},"lib/forge-std/src/interfaces/IERC721.sol":{"lastModificationDate":1737715736000,"contentHash":"efc26e7f9a2f76b68088c8760ceae2dc","sourceName":"lib/forge-std/src/interfaces/IERC721.sol","imports":["lib/forge-std/src/interfaces/IERC165.sol"],"versionRequirement":">=0.6.2","artifacts":{"IERC721":{"0.8.28":{"default":{"path":"IERC721.sol/IERC721.json","build_id":"aeef9a01ddc66af28bf5056e29c550d0"}}},"IERC721Enumerable":{"0.8.28":{"default":{"path":"IERC721.sol/IERC721Enumerable.json","build_id":"aeef9a01ddc66af28bf5056e29c550d0"}}},"IERC721Metadata":{"0.8.28":{"default":{"path":"IERC721.sol/IERC721Metadata.json","build_id":"aeef9a01ddc66af28bf5056e29c550d0"}}},"IERC721TokenReceiver":{"0.8.28":{"default":{"path":"IERC721.sol/IERC721TokenReceiver.json","build_id":"aeef9a01ddc66af28bf5056e29c550d0"}}}},"seenByCompiler":true},"lib/forge-std/src/interfaces/IMulticall3.sol":{"lastModificationDate":1737715736000,"contentHash":"7b131ca1ca32ef6378b7b9ad5488b901","sourceName":"lib/forge-std/src/interfaces/IMulticall3.sol","imports":[],"versionRequirement":">=0.6.2, <0.9.0","artifacts":{"IMulticall3":{"0.8.28":{"default":{"path":"IMulticall3.sol/IMulticall3.json","build_id":"aeef9a01ddc66af28bf5056e29c550d0"}}}},"seenByCompiler":true},"lib/forge-std/src/mocks/MockERC20.sol":{"lastModificationDate":1737715736000,"contentHash":"8e14d63e81e1d54dbc2d44df38ae9dec","sourceName":"lib/forge-std/src/mocks/MockERC20.sol","imports":["lib/forge-std/src/interfaces/IERC20.sol"],"versionRequirement":">=0.6.2, <0.9.0","artifacts":{"MockERC20":{"0.8.28":{"default":{"path":"MockERC20.sol/MockERC20.json","build_id":"aeef9a01ddc66af28bf5056e29c550d0"}}}},"seenByCompiler":true},"lib/forge-std/src/mocks/MockERC721.sol":{"lastModificationDate":1737715736000,"contentHash":"e91cd9dba7f88f03710c56a347d89d1e","sourceName":"lib/forge-std/src/mocks/MockERC721.sol","imports":["lib/forge-std/src/interfaces/IERC165.sol","lib/forge-std/src/interfaces/IERC721.sol"],"versionRequirement":">=0.6.2, <0.9.0","artifacts":{"MockERC721":{"0.8.28":{"default":{"path":"MockERC721.sol/MockERC721.json","build_id":"aeef9a01ddc66af28bf5056e29c550d0"}}}},"seenByCompiler":true},"lib/forge-std/src/safeconsole.sol":{"lastModificationDate":1737715736000,"contentHash":"1445aa2f47000e212173e0cefd6c7a77","sourceName":"lib/forge-std/src/safeconsole.sol","imports":[],"versionRequirement":">=0.6.2, <0.9.0","artifacts":{"safeconsole":{"0.8.28":{"default":{"path":"safeconsole.sol/safeconsole.json","build_id":"aeef9a01ddc66af28bf5056e29c550d0"}}}},"seenByCompiler":true},"lib/openzeppelin-contracts/contracts/utils/Strings.sol":{"lastModificationDate":1737715736000,"contentHash":"cf46906c4035f51639a22265066a9e78","sourceName":"lib/openzeppelin-contracts/contracts/utils/Strings.sol","imports":[],"versionRequirement":"^0.8.0","artifacts":{"Strings":{"0.8.28":{"default":{"path":"Strings.sol/Strings.json","build_id":"aeef9a01ddc66af28bf5056e29c550d0"}}}},"seenByCompiler":true},"lib/openzeppelin-contracts/contracts/utils/cryptography/ECDSA.sol":{"lastModificationDate":1737715736000,"contentHash":"1dfb7cf7c7e2edae73403d50a59cc967","sourceName":"lib/openzeppelin-contracts/contracts/utils/cryptography/ECDSA.sol","imports":["lib/openzeppelin-contracts/contracts/utils/Strings.sol"],"versionRequirement":"^0.8.0","artifacts":{"ECDSA":{"0.8.28":{"default":{"path":"ECDSA.sol/ECDSA.json","build_id":"aeef9a01ddc66af28bf5056e29c550d0"}}}},"seenByCompiler":true},"script/Deploy.s.sol":{"lastModificationDate":1739508927659,"contentHash":"3bd98498a7b4f445dcac9f4f5574b9bd","sourceName":"script/Deploy.s.sol","imports":["lib/forge-ctf/src/CTFDeployer.sol","lib/forge-std/src/Base.sol","lib/forge-std/src/Script.sol","lib/forge-std/src/StdAssertions.sol","lib/forge-std/src/StdChains.sol","lib/forge-std/src/StdCheats.sol","lib/forge-std/src/StdError.sol","lib/forge-std/src/StdInvariant.sol","lib/forge-std/src/StdJson.sol","lib/forge-std/src/StdMath.sol","lib/forge-std/src/StdStorage.sol","lib/forge-std/src/StdStyle.sol","lib/forge-std/src/StdToml.sol","lib/forge-std/src/StdUtils.sol","lib/forge-std/src/Test.sol","lib/forge-std/src/Vm.sol","lib/forge-std/src/console.sol","lib/forge-std/src/console2.sol","lib/forge-std/src/interfaces/IERC165.sol","lib/forge-std/src/interfaces/IERC20.sol","lib/forge-std/src/interfaces/IERC721.sol","lib/forge-std/src/interfaces/IMulticall3.sol","lib/forge-std/src/mocks/MockERC20.sol","lib/forge-std/src/mocks/MockERC721.sol","lib/forge-std/src/safeconsole.sol","lib/openzeppelin-contracts/contracts/utils/Strings.sol","lib/openzeppelin-contracts/contracts/utils/cryptography/ECDSA.sol","src/Casino.sol","src/Challenge.sol","src/interfaces/ICasino.sol"],"versionRequirement":"=0.8.28","artifacts":{"Deploy":{"0.8.28":{"default":{"path":"Deploy.s.sol/Deploy.json","build_id":"dbbcc8d8bf7bae7355dd4e0dd402d1e0"}}}},"seenByCompiler":true},"script/Solve.s.sol":{"lastModificationDate":1739512090352,"contentHash":"33a7947ba7cdc49077e551e0f91da392","sourceName":"script/Solve.s.sol","imports":["lib/forge-std/src/Base.sol","lib/forge-std/src/Script.sol","lib/forge-std/src/StdAssertions.sol","lib/forge-std/src/StdChains.sol","lib/forge-std/src/StdCheats.sol","lib/forge-std/src/StdError.sol","lib/forge-std/src/StdInvariant.sol","lib/forge-std/src/StdJson.sol","lib/forge-std/src/StdMath.sol","lib/forge-std/src/StdStorage.sol","lib/forge-std/src/StdStyle.sol","lib/forge-std/src/StdToml.sol","lib/forge-std/src/StdUtils.sol","lib/forge-std/src/Test.sol","lib/forge-std/src/Vm.sol","lib/forge-std/src/console.sol","lib/forge-std/src/console2.sol","lib/forge-std/src/interfaces/IERC165.sol","lib/forge-std/src/interfaces/IERC20.sol","lib/forge-std/src/interfaces/IERC721.sol","lib/forge-std/src/interfaces/IMulticall3.sol","lib/forge-std/src/mocks/MockERC20.sol","lib/forge-std/src/mocks/MockERC721.sol","lib/forge-std/src/safeconsole.sol","lib/openzeppelin-contracts/contracts/utils/Strings.sol","lib/openzeppelin-contracts/contracts/utils/cryptography/ECDSA.sol","src/Casino.sol","src/Challenge.sol","src/interfaces/ICasino.sol"],"versionRequirement":"=0.8.28","artifacts":{"Attack":{"0.8.28":{"default":{"path":"Solve.s.sol/Attack.json","build_id":"9b7ce8e3e5a5122e23a28e157ec83121"}}}},"seenByCompiler":true},"src/Casino.sol":{"lastModificationDate":1739010118160,"contentHash":"f6da545d4d02041d0d3ce3355b28174f","sourceName":"src/Casino.sol","imports":["lib/openzeppelin-contracts/contracts/utils/Strings.sol","lib/openzeppelin-contracts/contracts/utils/cryptography/ECDSA.sol","src/interfaces/ICasino.sol"],"versionRequirement":"=0.8.28","artifacts":{"Casino":{"0.8.28":{"default":{"path":"Casino.sol/Casino.json","build_id":"a43f9055b283528bb4e36ddbee1419bd"}}}},"seenByCompiler":true},"src/Challenge.sol":{"lastModificationDate":1739006253166,"contentHash":"65264878c58fb1e35df8bd0e56a1362a","sourceName":"src/Challenge.sol","imports":["lib/openzeppelin-contracts/contracts/utils/Strings.sol","lib/openzeppelin-contracts/contracts/utils/cryptography/ECDSA.sol","src/Casino.sol","src/interfaces/ICasino.sol"],"versionRequirement":"=0.8.28","artifacts":{"Challenge":{"0.8.28":{"default":{"path":"Challenge.sol/Challenge.json","build_id":"a43f9055b283528bb4e36ddbee1419bd"}}}},"seenByCompiler":true},"src/interfaces/ICasino.sol":{"lastModificationDate":1737715736000,"contentHash":"1ae34195bb6d314b68d359f126fb52ae","sourceName":"src/interfaces/ICasino.sol","imports":[],"versionRequirement":"=0.8.28","artifacts":{"ICasino":{"0.8.28":{"default":{"path":"ICasino.sol/ICasino.json","build_id":"aeef9a01ddc66af28bf5056e29c550d0"}}}},"seenByCompiler":true}},"builds":["9b7ce8e3e5a5122e23a28e157ec83121","a43f9055b283528bb4e36ddbee1419bd","aeef9a01ddc66af28bf5056e29c550d0","dbbcc8d8bf7bae7355dd4e0dd402d1e0"],"profiles":{"default":{"solc":{"optimizer":{"enabled":true,"runs":200},"metadata":{"useLiteralContent":false,"bytecodeHash":"ipfs","appendCBOR":true},"outputSelection":{"*":{"*":["abi","evm.bytecode.object","evm.bytecode.sourceMap","evm.bytecode.linkReferences","evm.deployedBytecode.object","evm.deployedBytecode.sourceMap","evm.deployedBytecode.linkReferences","evm.deployedBytecode.immutableReferences","evm.methodIdentifiers","metadata"]}},"evmVersion":"shanghai","viaIR":false,"libraries":{}},"vyper":{"evmVersion":"shanghai","outputSelection":{"*":{"*":["abi","evm.bytecode","evm.deployedBytecode"]}}}}}}